name,value
Abahn Kibelius,71000
Abyssal Brass Ingot,550000
Abyssal Essence,725000
Acacia Plank,15200
Acacia Plywood,48300
Acacia Sap,29800
Acacia Seed,5550
Acacia Timber,1560
Agerian Armor,51500
Agerian Gloves,22600
Agerian Helmet,57000
Agerian Shoes,22900
Ahin Haladie,21400
Ain Amulet,377000
Ain Axe,377000
Ain Battle Axe,377000
Ain Blade,377000
Ain Crescent Pendulum,377000
Ain Crossbow,377000
Ain Florang,377000
Ain Foxspirit Charm,377000
Ain Gauntlet,377000
Ain Hammers,377000
Ain Hwando,377000
Ain Kriegsmesser,377000
Ain Kyve,377000
Ain Longbow,377000
Ain Longsword,377000
Ain Morning Star,377000
Ain Power Pole,377000
Ain Revolvers,377000
Ain Sacramentum,377000
Ain Serenaca,377000
Ain Shamshir,377000
Ain Shortsword,377000
Ain Slayer,377000
Ain Staff,377000
Ain Swallowtail Fan,377000
Akum Armor,1310000
Akum Gloves,1190000
Akum Helmet,1150000
Akum Shoes,1320000
Alchemy Stone Shard,194000
Alloria Aad Sphera,10400000
Alluvial Gold,11900
Aloe,2640
Amanita Mushroom,2630
Amanita Mushroom Hypha,16800
Amplified Lightstone of Wind: Feather,1010000000
Ancient Guardian's Seal,5250000
Ancient Mushroom,3510
Ancient Mushroom Hypha,22400
Ancient Weapon Core,5100000
Apple,775
Arrow Mushroom,775
Arrow Mushroom Hypha,22400
Artisan's Special Stuffed Llama,70000000
Artisan's Special Stuffed Snowfield Yak Head,8250000
Artisan's Special Stuffed Weasel,20600000
Artisan's Special Stuffed Yak Head,17200000
Artisan's Stuffed Snowfield Ili Pika,10200000
Asadal Belt,220000000
Asadal Necklace,68500000
Ascending Noble Sword,21400
Ash Plank,4310
Ash Plywood,25300
Ash Sap,46600
Ash Timber,1290
Ator's Shoes,21900000000
Audria,560
Axion Shield,29000
Azure Thunder Celestial Bo Staff,10400000
Azwell Amulet,42000
Azwell Axe,42000
Azwell Battle Axe,42000
Azwell Blade,42000
Azwell Crescent Pendulum,42000
Azwell Crossbow,42000
Azwell Florang,42000
Azwell Foxspirit Charm,42000
Azwell Gauntlet,42000
Azwell Hammers,42000
Azwell Hwando,42000
Azwell Kriegsmesser,42000
Azwell Kyve,42000
Azwell Longbow,42000
Azwell Longsword,42000
Azwell Morning Star,42000
Azwell Power Pole,42000
Azwell Revolvers,42000
Azwell Sacramentum,34000
Azwell Serenaca,42000
Azwell Shamshir,42000
Azwell Shortsword,42000
Azwell Slayer,42000
Azwell Staff,42000
Azwell Swallowtail Fan,42000
BON Magic Crystal - Addis,171000000
Backflow Gardbrace,10400000
Baconaua Cestus,10400000
Baduum Haladie,29000
Bag of Muddy Water,2330
Baharom Dual Glaives,10400000
Baharom Foxtail Fans,10400000
Balenos Fishing Rod,62000000
Bamboo Sprout,1450
Banana,775
Bares Amulet,267000
Bares Axe,267000
Bares Battle Axe,267000
Bares Belt,67500
Bares Blade,267000
Bares Crescent Pendulum,267000
Bares Crossbow,267000
Bares Earring,48100
Bares Florang,267000
Bares Foxspirit Charm,267000
Bares Gauntlet,267000
Bares Hammers,267000
Bares Hwando,267000
Bares Kriegsmesser,267000
Bares Kyve,267000
Bares Longbow,267000
Bares Longsword,267000
Bares Morning Star,267000
Bares Necklace,84000
Bares Power Pole,267000
Bares Revolvers,267000
Bares Ring,41800
Bares Sacramentum,267000
Bares Serenaca,267000
Bares Shamshir,267000
Bares Shortsword,267000
Bares Slayer,267000
Bares Staff,267000
Bares Swallowtail Fan,267000
Barley,1220
Barley Dough,4190
Barley Flour,4190
Barley Seed,497
Basilisk's Belt,14100000
Bat Blood,21200
Bean Sprouts,7450
Bear Blood,19400
Bear Hide,915
Bear Meat,34000
Beef,29200
Belt of Shultz the Gladiator,735000
Bensho's Necklace,25400000
Bhatu Ra'ghon,21400
Bheg's Gloves,353000000
Big Amanita Mushroom,10600
Big Ancient Mushroom,9800
Big Arrow Mushroom,2090
Big Bluffer Mushroom,10600
Big Cloud Mushroom,1200
Big Dwarf Mushroom,2330
Big Emperor Mushroom,1620
Big Fog Mushroom,10600
Big Fortune Teller Mushroom,1510
Big Ghost Mushroom,3990
Big Hump Mushroom,10000
Big Sky Mushroom,2190
Big Tiger Mushroom,2200
Birch Plank,8350
Birch Plywood,37700
Birch Sap,28700
Birch Timber,1090
Bird Meat,6100
Black Crystal,38400
Black Distortion Earring,68500000
Black Gem,1070000
Black Gem Fragment,410000
Black Gold Ingot,1960000
Black Leopard Hide,1170
Black Seed,26900
Black Stone,277000
Black Stone Powder,8600
Black Warrior Horn Bow,21400
Blackstar Aad Sphera,725000000
Blackstar Amulet,540000000
Blackstar Armor,540000000
Blackstar Axe,540000000
Blackstar Battle Axe,540000000
Blackstar Binyeo Knife,635000000
Blackstar Blade,540000000
Blackstar Celestial Bo Staff,725000000
Blackstar Cestus,725000000
Blackstar Clavis,615000000
Blackstar Crescent Blade,725000000
Blackstar Crescent Pendulum,540000000
Blackstar Crimson Glaives,725000000
Blackstar Crossbow,540000000
Blackstar Dagger,635000000
Blackstar Do Stave,635000000
Blackstar Dual Glaives,725000000
Blackstar Enlightened Blade,725000000
Blackstar Florang,540000000
Blackstar Foxspirit Charm,540000000
Blackstar Foxtail Fans,725000000
Blackstar Gardbrace,725000000
Blackstar Gauntlet,540000000
Blackstar Gloves,540000000
Blackstar Godr Sphera,725000000
Blackstar Gombangdae,635000000
Blackstar Gourd Bottle,635000000
Blackstar Gravity Cores,635000000
Blackstar Greatbow,725000000
Blackstar Greatsword,725000000
Blackstar Haladie,635000000
Blackstar Hammers,540000000
Blackstar Helmet,540000000
Blackstar Horn Bow,635000000
Blackstar Hwando,540000000
Blackstar Iron Buster,725000000
Blackstar Jade Pillar,725000000
Blackstar Jordun,725000000
Blackstar Kamasylven Sword,725000000
Blackstar Kerispear,725000000
Blackstar Kibelius,725000000
Blackstar Kriegsmesser,540000000
Blackstar Kunai,635000000
Blackstar Kyve,540000000
Blackstar Lancia,725000000
Blackstar Lil' Devil,725000000
Blackstar Longbow,540000000
Blackstar Longsword,540000000
Blackstar Mareca,635000000
Blackstar Morning Star,540000000
Blackstar Noble Sword,635000000
Blackstar Ornamental Knot,635000000
Blackstar Patraca,725000000
Blackstar Power Pole,540000000
Blackstar Quoratum,635000000
Blackstar Ra'ghon,635000000
Blackstar Revolvers,540000000
Blackstar Sacramentum,560000000
Blackstar Sah Chakram,725000000
Blackstar Scythe,725000000
Blackstar Serenaca,540000000
Blackstar Shamshir,540000000
Blackstar Shard,635000000
Blackstar Shield,635000000
Blackstar Shoes,540000000
Blackstar Shortsword,540000000
Blackstar Shotgun,635000000
Blackstar Shuriken,635000000
Blackstar Slayer,540000000
Blackstar Sledgehammer,725000000
Blackstar Soul Tome,725000000
Blackstar Staff,540000000
Blackstar Sting,725000000
Blackstar Sura Katana,725000000
Blackstar Swallowtail Fan,540000000
Blackstar Talisman,635000000
Blackstar Trinket,635000000
Blackstar Trion,725000000
Blackstar Vambrace,635000000
Blackstar Vediant,725000000
Blackstar Vitclari,635000000
Blade Trinket,28600
Blessed Soul Fragment,10500000000
Blood Ruby,1220000
Blood Ruby Earrings,68000
Blood Ruby Necklace,187000
Blood Ruby Ring,88000
Bloody Tree Knot,6350
Blue Cloud Pattern Wallpaper,35000000
Blue Coral,332000
Blue Coral Belt,75000
Blue Coral Earring,1460000
Blue Coral Ring,9600000
Blue Crystal,7600
Blue Flower,32600
Blue Umbrella Mushroom,3230
Blue Whale Meat,1110000
Blue Whale Molar,8650000
Blue Whale Molar Earring,20400000
Blue Whale Oil,23300000
Blue Whale Tendon,14900000
Bluffer Mushroom,3260
Bluffer Mushroom Hypha,26100
Bodul Do Stave,21400
Bottle of River Water,5850
Bottle of Sea Water,5550
Bouquet Mushroom,650
Bouquet Mushroom Hypha,7800
Bracken,2930
Brass Ingot,88500
Breath of Narcion,23600000
Breath of Omua,23400000
Breath of the Endtimes,3890000
Breath of the Morning,3890000
Breath-imbued Stuffed Cliffside Mountain Sheep Head,307000000
Breath-imbued Stuffed Rock Elephant Head,277000000
Breezy White Coral,1910000
Breezy White Coral Belt,1680000
Brilliant Blue Coral Belt,305000
Brilliant Golden Coral Belt,349000
Brilliant Green Coral Belt,349000
Brilliant Opal,160000
Brilliant Red Coral Belt,349000
Brilliant White Coral Belt,349000
Bronze Dagger,21400
Bronze Ingot,78000
Bronze Jade Pillar,71000
Bumpy Seed,105000
Bunch of Dry Mane Grass,1220
Bunch of Fire Flake Flowers,1280
Bunch of Silk Honey Grass,610
Bunch of Silver Azaleas,700
Butter,8950
Byproduct Fertilizer,5600
Cabbage,3510
Cactus Rind,362
Cactus Sap,10600
Cactus Thorn,4170
Calpheon Chargers' Barding,395000000
Calpheon Fishing Rod,313000000
Calpheon Traditional Alchemy Tool,4020000
Caphras Essence,935000
Caphras Stone,2320000
Caphras Tree Plank,23300
Caphras Tree Plywood,94000
Caphras Tree Sap,15400
Caphras Tree Timber,5600
Capturing Rope,1350
Carrot Seed,1450
Carta Craftsman's Clothes,8200000
Carta Gatherer's Clothes,8200000
Cedar Plank,14100
Cedar Plywood,55000
Cedar Sap,46600
Cedar Timber,2440
Centaurus Belt,84000000
Chanterelle,3770
Chanterelle Hypha,20100
Cheese,13500
Cheetah Dragon Blood,24700
Cheetah Dragon Hide,1830
Cheetah Dragon Meat,19700
Cherry,775
Chicken Feed,126000
Chicken Meat,8800
Cinnamon,3360
Citron,3170
Citron Seed,3500
Citron Vinegar,950
Clear Liquid Reagent,14000
Cloud Mushroom,765
Cloud Mushroom Hypha,3240
Clown's Blood,30200
Coal,1990
Cobra Blood,22900
Coconut,2860
Concentrated Magical Black Gem,18500000
Concentrated Magical Black Stone,6700000
Contorted Seed,73500
Cooking Honey,1080
Copper Ingot,70500
Copper Ore,2030
Coral Belt,20100
Coral Crystal,8400000
Coral Piece,44700
Corn,1100
Corn Dough,4190
Corn Flour,4190
Corn Seed,456
Corrupt Oil of Immortality,37300000
Corrupt Ruby Earrings,505000
Corrupt Ruby Necklace,1790000
Corrupt Ruby Ring,915000
Corrupted Breath,270000
Cotton Fabric,99000
Cotton Wool,2770
Cotton Yarn,8450
Cracked Terrashard,2800000
Cream,11200
Crimson Glaives of the Sage,10400000
Crimson Primordial Luster - Sovereign,108000000
Crimson Thorn Sting,71000
Crio Fisher's Clothes,7900000
Crocodile Meat,23800
Crow Noble Sword,29000
Crystallized Despair,54500000
Crystallized Energy of Endtimes,17800000
Cup of Arid Moonlight,308000000
Cup of Burgeoning Dusk,8200000000
Cup of Callous Sun,8150000000
Cup of Destined Dawn,2020000000
Cup of Dwindling Starlight,4660000000
Cup of Earth's Sorrows,4660000000
Cup of Lone Tide,4660000000
Cup of Reticent Moonbeams,8400000000
Cup of Tragic Nightfall,4660000000
Cup of a Lonely Cloud,4660000000
Dahn's Gloves,23100000000
Dalvenia Alrea,498
Dalvenia Alrea Seed,24300
Dandelion Aad Sphera,158000000
Dandelion Celestial Bo Staff,158000000
Dandelion Cestus,158000000
Dandelion Crescent Blade,158000000
Dandelion Crimson Glaives,158000000
Dandelion Dual Glaives,158000000
Dandelion Enlightened Blade,158000000
Dandelion Foxtail Fans,158000000
Dandelion Gardbrace,158000000
Dandelion Godr Sphera,158000000
Dandelion Greatbow,158000000
Dandelion Greatsword,158000000
Dandelion Iron Buster,158000000
Dandelion Jade Pillar,158000000
Dandelion Jordun,158000000
Dandelion Kamasylven Sword,158000000
Dandelion Kerispear,158000000
Dandelion Kibelius,158000000
Dandelion Lancia,158000000
Dandelion Lil' Devil,158000000
Dandelion Patraca,158000000
Dandelion Sah Chakram,158000000
Dandelion Scythe,158000000
Dandelion Sledgehammer,158000000
Dandelion Soul Tome,158000000
Dandelion Sting,158000000
Dandelion Sura Katana,158000000
Dandelion Trion,158000000
Dandelion Vediant,158000000
Dark Blood Ruby Earrings,175000
Dark Blood Ruby Necklace,1370000
Dark Blood Ruby Ring,285000
Dark Thorn Sting,10400000
Date Palm,1540
Dawn Earring,319000000
Dawn Fallen Silk,5450000
Daybreak Blue Coral,1350000
Daybreak Blue Coral Belt,740000
Dead Tree Essence,302000
Deboreka Belt,450000000
Deboreka Earring,510000000
Deboreka Necklace,296000000
Deboreka Ring,455000000
Deer Blood,20100
Deer Hide,1180
Deer Meat,29800
Dehkia's Fragment,93500000
Delotia,3790
Delotia Essence,280000
Delotia Powder,32700
Delotia Seed,1900
Desert Herb,1520
Diamond,16200
Diamond Necklace,32000
Diamond Necklace of Fortitude,4950000
Dictyophora,3770
Dictyophora Hypha,20100
Dim Heartvein Shard,2800000
Dim Tree Spirit's Armor,304000000
Distilled Water,5300
Distorted Crystal of Origin,5400000000
Distorted Fragment of Origin,108000000
Dobart Armor,41100
Dobart Gloves,23500
Dobart Helmet,32600
Dobart Shoes,23400
Dohr Mareca,29000
Dragon Scale Fossil,373000
Dragon Slayer Aad Sphera,89000000
Dragon Slayer Celestial Bo Staff,89000000
Dragon Slayer Cestus,89000000
Dragon Slayer Crescent Blade,89000000
Dragon Slayer Crimson Glaives,89000000
Dragon Slayer Dual Glaives,89000000
Dragon Slayer Enlightened Blade,89000000
Dragon Slayer Foxtail Fans,89000000
Dragon Slayer Gardbrace,89000000
Dragon Slayer Godr Sphera,89000000
Dragon Slayer Greatbow,89000000
Dragon Slayer Greatsword,89000000
Dragon Slayer Iron Buster,89000000
Dragon Slayer Jade Pillar,89000000
Dragon Slayer Jordun,89000000
Dragon Slayer Kamasylven Sword,89000000
Dragon Slayer Kerispear,89000000
Dragon Slayer Kibelius,89000000
Dragon Slayer Lancia,89000000
Dragon Slayer Lil' Devil,89000000
Dragon Slayer Patraca,89000000
Dragon Slayer Sah Chakram,89000000
Dragon Slayer Scythe,89000000
Dragon Slayer Sledgehammer,89000000
Dragon Slayer Soul Tome,89000000
Dragon Slayer Sting,89000000
Dragon Slayer Sura Katana,89000000
Dragon Slayer Trion,89000000
Dragon Slayer Vediant,89000000
Dressing,2450
Dried Amberjack,5500
Dried Amur Goby,12500
Dried Amur Ide,10300
Dried Amur Minnow,22900
Dried Angler,20500
Dried Arowana,19100
Dried Atka Mackerel,9750
Dried Barbel Steed,5250
Dried Basking Shark,88000
Dried Bass,5850
Dried Beltfish,7750
Dried Bigeye,12000
Dried Bitterling,3260
Dried Black Shiner,25700
Dried Blackfin Sweeper,3330
Dried Blacktip Chromis,24300
Dried Bleeker,2520
Dried Blue Tang,8950
Dried Bluefish,10300
Dried Bluegill,3100
Dried Bowfin,48900
Dried Boxfish,4840
Dried Brassy Chub,2690
Dried Bubble Eye,2650
Dried Burbot,22900
Dried Butterflyfish,3480
Dried Carp,18900
Dried Catfish,6400
Dried Cero,21600
Dried Chameleon Goby,9950
Dried Charr,22100
Dried Checkerboard Wrasse,23300
Dried Cherry Icefish,10700
Dried Cherry Salmon,16200
Dried Clownfish,8700
Dried Common Bleak,16400
Dried Common Minnow,6100
Dried Common Pleco,2550
Dried Crab,2250
Dried Crawfish,5600
Dried Croaker,7200
Dried Crucian Carp,4770
Dried Cuttlefish,5800
Dried Cuvier,34700
Dried Dace,2650
Dried Dark Chub,16800
Dried Dark Sleeper,15200
Dried Dark-banded Rockfish,755
Dried Devil Stinger,6650
Dried Diamond Minnow,21400
Dried Dollarfish,5550
Dried Dolphinfish,6000
Dried Dusky Flathead,2640
Dried Dwarf Gudgeon,16800
Dried Filefish,6200
Dried Flatfish,5300
Dried Flounder,6250
Dried Flower Icefish,36100
Dried Flying Fish,10700
Dried Fourfinger Threadfin,2150
Dried Freshwater Eel,14800
Dried Giant Talking Catfish,125000
Dried Goby Minnow,2830
Dried Golden-thread,24200
Dried Goldenstriped Soapfish,235000
Dried Goliath Tigerfish,124000
Dried Grass Carp,11700
Dried Grayling,6250
Dried Green Sturgeon,23600
Dried Greenling,3750
Dried Grouper,18200
Dried Grunt,72000
Dried Gunnel,5900
Dried Gurnard,3510
Dried Hatchetfish,2510
Dried Herring,19300
Dried Horn Fish,4800
Dried Jellyfish,3080
Dried John Dory,25000
Dried King Spine Loach,18400
Dried Kuhlia Marginata,5200
Dried Lamprey,34600
Dried Large-headed Goby,16700
Dried Lavascale Stargazer,6950
Dried Leaffish,2510
Dried Leather Carp,35200
Dried Lenok,16500
Dried Lionfish,4840
Dried Lobster,117000
Dried Longnose Gar,14400
Dried Longsnout Catfish,29000
Dried Lungfish,108000
Dried Mackerel,6450
Dried Mackerel Pike,2390
Dried Mandarin Fish,70500
Dried Maomao,19200
Dried Miho Spine Loach,25400
Dried Minnow,6900
Dried Mitre Squid,840
Dried Moray,23100
Dried Mori,24300
Dried Morning Loach,6900
Dried Morning River Goby,3690
Dried Mudfish,2980
Dried Mudskipper,9850
Dried Mullet,8250
Dried Neon Damselfish,30800
Dried Nibbler,79500
Dried Notch Jaw,2490
Dried Obtuse Barracuda,13700
Dried Octopus,18400
Dried Oily Shiner,6400
Dried Opah,122000
Dried Pacu,23600
Dried Pearl Oyster Flesh,60500
Dried Perch,3720
Dried Pike,10700
Dried Pike Characin,13000
Dried Pintado,9050
Dried Piranha,30200
Dried Pollack,1030
Dried Pomfret,10400
Dried Porcupine Fish,18000
Dried Porgy,75500
Dried Ransonnet's Surfperch,29200
Dried Rapid Goby,23100
Dried Ray,8750
Dried Red Seabream,25700
Dried Red Snow Crab,37200
Dried Redbreasted Wrasse,57500
Dried Redfin Anthias,117000
Dried Ribbon Eel,32500
Dried Rock Hind,2960
Dried Rockfish,7400
Dried Rosefish,2440
Dried Rosy Bitterling,3540
Dried Round Herring,3820
Dried Roundtail Paradisefish,3540
Dried Salmon,5150
Dried Sandeel,3360
Dried Sandfish,3410
Dried Sardine,7100
Dried Saurel,7100
Dried Scorpion Fish,8100
Dried Sea Bass,50000
Dried Sea Eel,18500
Dried Seahorse,3540
Dried Sharpbelly,12600
Dried Shellfish,3200
Dried Short Barbel Gudgeon,19500
Dried Short Ninespine Stickleback,895
Dried Shuttles Hoppfish,7550
Dried Siganid,18800
Dried Silver Carp,15600
Dried Silver Prochilodus,2460
Dried Silver Stripe Round Herring,3030
Dried Skipjack,9300
Dried Smelt,5200
Dried Smokey Chromis,34600
Dried Snakehead,39900
Dried Soho Bitterling,2050
Dried South Torrent Catfish,3000
Dried Spined Bittering,13700
Dried Spined Loach,9700
Dried Spotted Barbel,23800
Dried Squid,5400
Dried Starfish,2360
Dried Stickleback,12100
Dried Stippled Gunnel,16600
Dried Stone Moroko,15100
Dried Striped Catfish,9950
Dried Striped Shiner,15800
Dried Stumpy Bullhead,7050
Dried Sturgeon,60000
Dried Sunfish,46100
Dried Surfperch,5850
Dried Swamp Eel,12100
Dried Sweetfish,6850
Dried Swellfish,21200
Dried Swiri,92000
Dried Swordfish,23000
Dried Tapertail Anchovy,20700
Dried Terrapin,6700
Dried Thresher Shark,36600
Dried Tiger Shark,49100
Dried Tilefish,39700
Dried Tongue Sole,3450
Dried Trout,6800
Dried Tuna,79500
Dried Ussurian Bullhead,12600
Dried Whiting,4160
Dried Wrought Iron Butterflyfish,86000
Dried Yalu Grayling,17800
Dried Yellow-head Catfish,19000
Dried Yellowfin Sculpin,9650
Dried Yellowfin Sole,16300
Dried-Up Seed,26900
Dry Mane Grass,214
Dry Mane Grass Seed,2040
Dusk Laden Cotton Fabric,6050000
Dwarf Mushroom,735
Dwarf Mushroom Hypha,21300
Egg,7700
Elder Tree Plank,1870
Elder Tree Plywood,20200
Elder Tree Sap,25700
Elder Tree Timber,2650
Elephant Hide,8050
Elisha Belt,96500
Elisha Earring,52000
Elisha Necklace,224000
Elisha Ring,55000
Elixir of Persistence,212000
Elsh Amulet,72000
Elsh Axe,72000
Elsh Battle Axe,72000
Elsh Blade,72000
Elsh Crescent Pendulum,72000
Elsh Crossbow,72000
Elsh Florang,72000
Elsh Foxspirit Charm,72000
Elsh Gauntlet,72000
Elsh Hammers,72000
Elsh Hwando,72000
Elsh Kriegsmesser,72000
Elsh Kyve,72000
Elsh Longbow,72000
Elsh Longsword,72000
Elsh Morning Star,72000
Elsh Power Pole,72000
Elsh Revolvers,72000
Elsh Sacramentum,62500
Elsh Serenaca,72000
Elsh Shamshir,72000
Elsh Shortsword,72000
Elsh Slayer,72000
Elsh Staff,72000
Elsh Swallowtail Fan,72000
Embers of Despair,18700000
Embers of Frost,18700000
Embers of Resonance,43200000
Emerald,25800
Emerald Necklace,33900
Emerald Necklace of Tranquility,2930000
Emergency Ship Repair Kit,645000
Emperor Mushroom,700
Emperor Mushroom Hypha,20100
Empty Crystal,645
Energy Potion (Extra Large),12100000
Energy Potion (Medium),4760000
Enhanced Flax Fabric,70000
Enlightened Blade of Balance,10400000
Enlightened Blade of Harmony,71000
Enlightened One's Cotton Fabric,7000000
Enneadread Crimson Glaives,71000
Epheria Carrack: Advance (Chiro's Black Plating),26600000000
Epheria Carrack: Advance (Chiro's Cannon),23900000000
Epheria Carrack: Balance (Chiro's Black Plating),8900000000
Epheria Carrack: Valor (Chiro's Sail),28800000000
Epheria Carrack: Volante (Chiro's Cannon),15600000000
Epheria Sailboat: Sea Dragon Figurehead,279000000
Essence of Dawn,69500000
Essence of Dawn - Accuracy,93500000
Essence of Dawn - Black Spirit's Rage,93500000
Essence of Dawn - Damage Reduction,93500000
Essence of Dawn - Evasion,93500000
Essence of Devouring,270000000
Essence of Insight,4290000
Essence of Liquor,2890
Essence of Nature,419000
Estique Kunai,29000
Estique Shuriken,29000
Ethereal Earring,183000000
Everlasting Herb,144000
Exalted Soul Fragment,5600000000
Eye of the Ruins Ring,24700000
Eyelash Cup,1290
Faded Naturewoven Hide,2800000
Faint Origin of Dark Hunger,540000000
Faint Wildsoul,2800000
Fallen God's Armor,24300000000
Fancy Feather,16300
Fancy Reptile Skin,2880
Farm Wagon Badge,22200000
Feather Wolf Hide,710
Ferocious Leather,479000
Fidei Clavis,24200
Fig,1520
Fine Fancy Feather,95000
Fine Fancy Reptile Skin,11400
Fine Hard Hide,201000
Fine Lightweight Plume,78500
Fine Soft Hide,62000
Fine Thick Fur,68500
Fine Thin Hide,89000
Fine Tough Hide,85500
Fir Plank,15900
Fir Plywood,61000
Fir Sap,6000
Fir Timber,3400
Fire Flake Flower,401
Fire Flake Flower Seed,2140
Fire Horn,58000
Flame of Despair,1870000000
Flame of Frost,1870000000
Flame of Hongik,339000000
Flame of Resonance,4320000000
Flamingo Blood,22900
Flamingo Meat,7150
Flamingo Plume,3530
Flawless Herald's Crystal,2730000000
Flax,1510
Flax Fabric,11000
Flax Seed,12600
Flax Thread,4490
Fleece,4360
Foederis Clavis,18000
Fog Mushroom,3350
Fog Mushroom Hypha,20900
Forest Emerald,2190000
Forest Emerald Necklace,173000
Forest Fury,20400000
Forest Path Wagon Badge,3560000000
Forest Path Wagon Cover,3560000000
Forest Path Wagon Flag,3560000000
Forest Ronaros Ring,21400000
Fortuna's Luck Armor,60000
Fortuna's Luck Shoes,40700
Fortune Teller Mushroom,700
Fortune Teller Mushroom Hypha,20100
Fox Blood,28000
Fox Hide,1800
Fox Meat,31400
Freekeh,1720
Freekeh Flour,595
Freekeh Flour Dough,915
Friha Shotgun,21400
Frost Iron Jordun,10400000
Frost Jordun,71000
Frosty Cloud Kerispear,10400000
Fruit of Nature,228000
Fugitive Khalk's Earring,95000000
Fugitive Khalk's Horn,540000
Fugitive Khalk's Shiny Claw,41900000
Fugitive Khalk's Skin,7800000
Ganatte Ra'ghon,29000
Garlic,4190
Garlic Seed,2090
Garmoth's Heart,18700000000
Garmoth's Scale,915000
Gartner Belt,1900000
Gauche Rawr-Rawr's Heart,4250000000
Gazelle Hide,2520
Gazelle Meat,34700
Gem Polisher,419000
Gem of Void,46600000
Geranoa Belt,4870000
Geranoa Earring,5350000
Geranoa Necklace,4410000
Geranoa Ring,5250000
Geumgang Binyeo Knife,28600
Geumgang Do Stave,28600
Geumgang Gombangdae,21400
Ghost Mushroom,775
Ghost Mushroom Hypha,22400
Giath's Helmet,304000000
Gigantic Seed,134000
Gilded Leaf,3730000
Glossy Bone Piece,8250
Glossy Seed,62000
Gloves of Fortuna's Luck,34100
Glue,196000
Gluttony Crystal,46600000
Goat Blood,17600
Goat Hide,2140
Goat Meat,22100
Gold Ingot,237000
Gold Ore,8700
Gold Topaz,1710000
Gold Topaz Earrings,107000
Gold Topaz Necklace,187000
Gold Topaz Ring,88500
Golden Coral,585000
Golden Coral Belt,107000
Golden Pearl,3730000
Golden Sun Coral,2240000
Golden Sun Coral Belt,2630000
Good Chicken Feed,535000
Goosefoot Leaf,6550
Gorgath Alchemist's Clothes,7200000
Grain Soup,585
Grape,580
Grape Seed,1750
Gravity Cores of Acceleration,21400
Gravity Cores of Augmentation,29000
Gravity Cores of Mass,28600
Greatbow of Fate,71000
Green Coral,396000
Green Coral Belt,107000
Green Crystal,36100
Green Pendulous Mushroom,489
Griffon Claw,960000
Griffon Feather,7200
Griffon Leather,1470000
Griffon's Helmet,344000000
Ground Bird Meat,9650
Grunil Armor,148000
Grunil Gloves,59500
Grunil Helmet,540000
Grunil Shoes,52000
Gyomok Gombangdae,29000
Half-Moon Seed,57500
Hard Hide,35000
Hard Pillar,5450000
Haystack,20600
Hazel Tree Fruit,4750
Heart of Karanda,133000000
Heart of Kutum,208000000
Heart of the Arid Forest,2700000
Heiress's Kamasylven Sword,10400000
Helmet of Fortuna's Luck,34400
Helrick Talisman,21400
Herald's Crystal,13500000
Herbal Gunpowder,76000
Herbal Poison,70000
Hercules' Might Armor,79000
Hercules' Might Gloves,56000
Hercules' Might Helmet,78500
Hercules' Might Shoes,59000
Hesed's Crystal,9350000
Hesus Belt,117000
Hesus Earring,95500
Hesus Necklace,92000
Hesus Ring,36300
Heukchil Binyeo Knife,29000
Heve's Strength Armor,84500
Heve's Strength Gloves,57500
Heve's Strength Helmet,78000
Heve's Strength Shoes,70500
High-quality Acacia Seed,22200
High-quality Amanita Mushroom,13200
High-quality Amanita Mushroom Hypha,101000
High-quality Ancient Mushroom,17600
High-quality Ancient Mushroom Hypha,112000
High-quality Arrow Mushroom,3870
High-quality Arrow Mushroom Hypha,112000
High-quality Barley,11700
High-quality Barley Seed,4290
High-quality Bluffer Mushroom,16300
High-quality Bluffer Mushroom Hypha,104000
High-quality Bouquet Mushroom,9700
High-quality Bouquet Mushroom Hypha,30300
High-quality Carrot Seed,12100
High-quality Chanterelle,18900
High-quality Chanterelle Hypha,101000
High-quality Citron,13800
High-quality Citron Seed,99000
High-quality Cloud Mushroom,3870
High-quality Cloud Mushroom Hypha,97000
High-quality Cooking Honey,12300
High-quality Corn,10900
High-quality Corn Seed,14400
High-quality Dalvenia Alrea,5100
High-quality Dalvenia Alrea Seed,23900
High-quality Delotia,15500
High-quality Delotia Seed,55500
High-quality Dictyophora,18900
High-quality Dictyophora Hypha,101000
High-quality Dry Mane Grass,2030
High-quality Dry Mane Grass Seed,10200
High-quality Dwarf Mushroom,3680
High-quality Dwarf Mushroom Hypha,107000
High-quality Emperor Mushroom,3480
High-quality Emperor Mushroom Hypha,101000
High-quality Fire Flake Flower,2140
High-quality Fire Flake Flower Seed,11200
High-quality Fog Mushroom,16700
High-quality Fog Mushroom Hypha,97000
High-quality Fortune Teller Mushroom,3480
High-quality Fortune Teller Mushroom Hypha,101000
High-quality Garlic,13400
High-quality Garlic Seed,13000
High-quality Ghost Mushroom,7400
High-quality Ghost Mushroom Hypha,112000
High-quality Grape,13800
High-quality Grape Seed,14800
High-quality Haystack,73500
High-quality Hot Pepper,12100
High-quality Hot Pepper Seed,82000
High-quality Hump Mushroom,17600
High-quality Hump Mushroom Hypha,67500
High-quality Leccinum,6300
High-quality Leccinum Mushroom Hypha,73000
High-quality Mesima,18900
High-quality Mesima Hypha,101000
High-quality Napa Cabbage,14100
High-quality Napa Cabbage Seed,72500
High-quality Nolina,7600
High-quality Nolina Seed,63500
High-quality Olive,14400
High-quality Olive Seed,75000
High-quality Onion,12900
High-quality Onion Seed,54500
High-quality Paprika,13400
High-quality Paprika Seed,67500
High-quality Penestraria,5150
High-quality Penestraria Seed,18100
High-quality Pepper,11600
High-quality Pepper Seed,73000
High-quality Perilla,5950
High-quality Perilla Seed,11000
High-quality Pie Mushroom,6650
High-quality Pie Mushroom Hypha,82500
High-quality Potato,7800
High-quality Pumpkin,12300
High-quality Pumpkin Seed,84000
High-quality Purple Mushroom,6000
High-quality Purple Mushroom Hypha,68000
High-quality Radish,13900
High-quality Radish Seed,87000
High-quality Red-spotted Amanita,18900
High-quality Red-spotted Amanita Hypha,101000
High-quality Rice,8400
High-quality Rice Seed,4250
High-quality Seed Potato,2450
High-quality Seed Sweet Potato,5700
High-quality Silk Honey Grass,1940
High-quality Silk Honey Grass Seed,62500
High-quality Silver Azalea,2230
High-quality Silver Azalea Seed,15400
High-quality Sky Mushroom,3680
High-quality Sky Mushroom Hypha,107000
High-quality Strawberry,6700
High-quality Strawberry Seed,89000
High-quality Sunflower,14400
High-quality Sunflower Seed,68000
High-quality Sunrise Herb,1940
High-quality Sunrise Herb Seed,10400
High-quality Sweet Potato,6900
High-quality Tiger Mushroom,3680
High-quality Tiger Mushroom Hypha,107000
High-quality Tomato,12900
High-quality Tomato Seed,87000
High-quality Wheat,11700
High-quality Wheat Seed,6050
Hot Pepper,2560
Hot Pepper Seed,1430
Hughol's Aad Sphera,52000000
Hughol's Celestial Bo Staff,52000000
Hughol's Cestus,52000000
Hughol's Crescent Blade,52000000
Hughol's Crimson Glaives,52000000
Hughol's Dual Glaives,52000000
Hughol's Foxtail Fans,52000000
Hughol's Gardbrace,52000000
Hughol's Godr Sphera,52000000
Hughol's Greatbow,52000000
Hughol's Greatsword,52000000
Hughol's Iron Buster,52000000
Hughol's Jade Pillar,52000000
Hughol's Jordun,52000000
Hughol's Kamasylven Sword,52000000
Hughol's Kerispear,52000000
Hughol's Kibelius,52000000
Hughol's Lancia,52000000
Hughol's Lil' Devil,52000000
Hughol's Patraca,52000000
Hughol's Sah Chakram,52000000
Hughol's Scythe,52000000
Hughol's Sledgehammer,52000000
Hughol's Sting,52000000
Hughol's Sura Katana,52000000
Hughol's Trion,52000000
Hughol's Vediant,52000000
Hump Mushroom,3510
Hump Mushroom Hypha,22400
Immaculate Crescent Blade,10400000
Immortal: Corruption Draught,30400000
Immortal: Elixir of Indignation,41000000
Imperfect Alchemy Stone of Life,227000
Incense Trinket,21400
Indigo Lapis Lazuli,2370000
Inorganic Fertilizer,2330
Insectivore Plant Flower,23300
Insectivore Plant Leaf,24200
Insectivore Plant Powder,187000
Insectivore Plant Root,20500
Insectivore Plant Sap,127000
Insectivore Plant Stalk,21400
Intact Griffon's Beak,75000000
Inverted Heart of Garmoth,18700000000
Iron Chain Gardbrace,71000
Iron Crescent Blade,71000
Iron Ingot,72500
Iron Jade Pillar,10400000
Iron Ore,1970
Iron Vambrace,28600
Izaro Trainer's Clothes,8200000
Jade,32200
Jade Binyeo Knife,21400
Jade Coral Ingot,1870000
Jade Gourd Bottle,21400
Jooknip Gombangdae,28600
Jubre Talisman,29000
Juicy Steak,44000
Ka Yith'ka Trion,71000
Kabua's Fragment,93500000
Kagtum Submission Ring,1760000
Kaia Rowboat Decoration,15100000
Kalis Amulet,130000
Kalis Axe,130000
Kalis Battle Axe,130000
Kalis Belt,116000
Kalis Blade,130000
Kalis Crescent Pendulum,130000
Kalis Crossbow,130000
Kalis Earring,70000
Kalis Florang,130000
Kalis Foxspirit Charm,130000
Kalis Gauntlet,130000
Kalis Hammers,130000
Kalis Hwando,130000
Kalis Kriegsmesser,130000
Kalis Kyve,130000
Kalis Longbow,130000
Kalis Longsword,130000
Kalis Morning Star,130000
Kalis Necklace,224000
Kalis Power Pole,130000
Kalis Revolvers,130000
Kalis Ring,45900
Kalis Sacramentum,103000
Kalis Serenaca,130000
Kalis Shamshir,130000
Kalis Shortsword,130000
Kalis Slayer,130000
Kalis Staff,130000
Kalis Swallowtail Fan,130000
Kamalam Cestus,71000
Katan Combat Iron Armor for Camel,395000000
Kha'lath Trion,10400000
Kite Shield,28600
Knitting Yarn,12300
Krea Amulet,78500
Krea Axe,78500
Krea Battle Axe,78500
Krea Binyeo Knife,30300
Krea Blade,78500
Krea Clavis,31600
Krea Crescent Pendulum,78500
Krea Crossbow,78500
Krea Dagger,30300
Krea Do Stave,30300
Krea Florang,78500
Krea Foxspirit Charm,78500
Krea Gauntlet,78500
Krea Gombangdae,30300
Krea Gourd Bottle,30300
Krea Gravity Cores,30300
Krea Haladie,30300
Krea Hammers,78500
Krea Horn Bow,30300
Krea Hwando,78500
Krea Kriegsmesser,78500
Krea Kunai,30300
Krea Kyve,78500
Krea Longbow,78500
Krea Longsword,78500
Krea Mareca,30300
Krea Morning Star,78500
Krea Noble Sword,30300
Krea Ornamental Knot,30300
Krea Power Pole,78500
Krea Quoratum,30300
Krea Ra'ghon,30300
Krea Revolvers,78500
Krea Sacramentum,72500
Krea Serenaca,78500
Krea Shamshir,78500
Krea Shard,30300
Krea Shield,30300
Krea Shortsword,78500
Krea Shotgun,30300
Krea Shuriken,30300
Krea Slayer,78500
Krea Staff,78500
Krea Swallowtail Fan,78500
Krea Talisman,30300
Krea Trinket,30300
Krea Vambrace,30300
Krea Vitclari,30300
Kuku Bird Blood,19400
Kuku Bird Meat,12900
Kutum Binyeo Knife,131000000
Kutum Clavis,153000000
Kutum Dagger,131000000
Kutum Do Stave,131000000
Kutum Gombangdae,131000000
Kutum Gourd Bottle,131000000
Kutum Gravity Cores,131000000
Kutum Haladie,131000000
Kutum Horn Bow,131000000
Kutum Kunai,131000000
Kutum Mareca,131000000
Kutum Noble Sword,131000000
Kutum Ornamental Knot,131000000
Kutum Quoratum,131000000
Kutum Ra'ghon,131000000
Kutum Shard,131000000
Kutum Shield,131000000
Kutum Shotgun,131000000
Kutum Shuriken,131000000
Kutum Talisman,131000000
Kutum Trinket,131000000
Kutum Vambrace,131000000
Kutum Vitclari,131000000
Kzarka Amulet,241000000
Kzarka Axe,241000000
Kzarka Battle Axe,241000000
Kzarka Blade,241000000
Kzarka Crescent Pendulum,241000000
Kzarka Crossbow,241000000
Kzarka Florang,241000000
Kzarka Foxspirit Charm,241000000
Kzarka Gauntlet,241000000
Kzarka Hammers,241000000
Kzarka Hwando,241000000
Kzarka Kriegsmesser,241000000
Kzarka Kyve,241000000
Kzarka Longbow,241000000
Kzarka Longsword,241000000
Kzarka Morning Star,241000000
Kzarka Power Pole,241000000
Kzarka Revolvers,241000000
Kzarka Sacramentum,241000000
Kzarka Serenaca,241000000
Kzarka Shamshir,241000000
Kzarka Shortsword,241000000
Kzarka Slayer,241000000
Kzarka Staff,241000000
Kzarka Swallowtail Fan,241000000
Labreska's Helmet,26900000000
Ladothan Shard,28600
Lahr Arcien Barding,395000000
Lahr Mareca,28600
Lamb Meat,33800
Lapis Lazuli,59000
Laytenn's Power Stone,49800000
Lead Ingot,74500
Lead Ore,1570
Leather Glaze,478000
Leather Saddle of Storm,116000000
Leather Vambrace,21400
Leccinum,1510
Leccinum Hypha,21300
Leebur's Gloves,307000000
Legendary Beast's Blood,154000
Lemoria Armor,1620000
Lemoria Gloves,1220000
Lemoria Helmet,1190000
Lemoria Shoes,1150000
Levathan Shard,21400
Light-Swallowing Vediant,10400000
Lightweight Plume,12600
Lion Blood,27300
Lion Hide,1370
Lion Meat,37300
Liverto Amulet,6450000
Liverto Axe,6450000
Liverto Battle Axe,6450000
Liverto Blade,6450000
Liverto Crescent Pendulum,6450000
Liverto Crossbow,6450000
Liverto Florang,6450000
Liverto Foxspirit Charm,6450000
Liverto Gauntlet,6450000
Liverto Hammers,6450000
Liverto Hwando,6450000
Liverto Kriegsmesser,6450000
Liverto Kyve,6450000
Liverto Longbow,6450000
Liverto Longsword,6450000
Liverto Morning Star,6450000
Liverto Power Pole,6450000
Liverto Revolvers,6450000
Liverto Sacramentum,6550000
Liverto Serenaca,6450000
Liverto Shamshir,6450000
Liverto Shortsword,6450000
Liverto Slayer,6450000
Liverto Staff,6450000
Liverto Swallowtail Fan,6450000
Lizard Blood,21200
Lizard Hide,4480
Lizard Meat,7050
Llama Blood,19400
Llama Hide,3640
Llama Meat,19500
Log,14000
Loggia Alchemist's Clothes,620000
Loggia Belt,432000
Loggia Cook's Clothes,484000
Loggia Craftsman's Clothes,610000
Loggia Earring,515000
Loggia Fisher's Clothes,630000
Loggia Flask,113000000
Loggia Gatherer's Clothes,610000
Loggia Hunter's Clothes,550000
Loggia Ladle,321000000
Loggia Necklace,461000
Loggia Ring,474000
Loggia Sailing Log,322000000
Loggia Sailor's Clothes,660000
Loggia Tanning Knife,31500000
Loggia Trainer's Clothes,600000
Loopy Tree Plank,1930
Loopy Tree Plywood,37900
Loopy Tree Sap,3610
Loopy Tree Timber,515
Lord Godr Sphera,10400000
Luka Quoratum,29000
Lunario Patraca,10400000
Maehwa,28000
Magical Shard,4200000
Manos Alchemist's Clothes,241000000
Manos Belt,229000000
Manos Blue Coral Belt,72500000
Manos Cook's Clothes,241000000
Manos Craftsman's Clothes,241000000
Manos Diamond Necklace,22000000
Manos Earring,231000000
Manos Emerald Necklace,21600000
Manos Fisher's Clothes,241000000
Manos Flask,165000000
Manos Gatherer's Clothes,241000000
Manos Golden Coral Belt,182000000
Manos Green Coral Belt,74500000
Manos Hunter's Clothes,241000000
Manos Hunting Bag,245000000
Manos Ladle,580000000
Manos Necklace,222000000
Manos Red Coral Belt,132000000
Manos Ring,241000000
Manos Ruby Earring,10700000
Manos Ruby Necklace,12300000
Manos Ruby Ring,18000000
Manos Sailor's Clothes,241000000
Manos Sapphire Earring,16900000
Manos Sapphire Necklace,23300000
Manos Topaz Earring,12700000
Manos Topaz Necklace,22600000
Manos Topaz Ring,9650000
Manos Trainer's Clothes,178000000
Manos White Coral Belt,78000000
Maple Plank,6850
Maple Plywood,41700
Maple Sap,21900
Maple Timber,2130
Margoria Dark Iron,1360000
Mark of Shadow,1230000
Marmot Blood,23300
Marmot Hide,5000
Marmot Meat,18700
Marvelous Eilton Meal,21300000
Meat Sandwich,33900
Meju,5000
Melted Copper Shard,6650
Melted Gold Shard,57500
Melted Iron Shard,10500
Melted Lead Shard,10200
Melted Mythril Shard,126000
Melted Nickel Shard,28000
Melted Noc Shard,28000
Melted Platinum Shard,140000
Melted Silver Shard,62500
Melted Tin Shard,20800
Melted Titanium Shard,30300
Melted Vanadium Shard,32600
Melted Zinc Shard,27500
Memory Fragment,1970000
Mercenary's Greatsword,71000
Mercenary's Steel Greatsword,10400000
Merchant Wagon Flag,8550000
Mesima,3770
Mesima Hypha,20100
Mesto Earring,494000
Metal Solvent,475000
Milk,23300
Mimosa Stalk,1290
Mistress Noble Sword,28600
Monk's Branch,21000
Moonlight Opal,760000
Moonlit Soul Tome,10400000
Moss Tree Plank,1520
Moss Tree Plywood,16300
Moss Tree Sap,1540
Moss Tree Timber,485
Mud Crystal,39900
Mueri Lil' Devil,71000
Muskan's Shoes,293000000
Mysterious Powder,1350
Mystical Cleaning Oil,655000
Mythril,65500
Mythril Ingot,740000
Napa Cabbage,2000
Napa Cabbage Seed,3160
Narc Ear Accessory,39800000
Necklace of Good Deeds,37600000
Necklace of Shultz the Gladiator,1340000
Needle Trinket,29000
Nert Ring,1620000
Neshal Haladie,28600
Nickel Ingot,152000
Nickel Ore,7450
Noble Wagon Badge,18900000
Noble Wagon Cover,39600000
Noc Ingot,120000
Noc Ore,7450
Nolina,292
Nolina Seed,18000
Nouver Binyeo Knife,79500000
Nouver Clavis,147000000
Nouver Dagger,79500000
Nouver Do Stave,79500000
Nouver Gombangdae,79500000
Nouver Gourd Bottle,79500000
Nouver Gravity Cores,79500000
Nouver Haladie,79500000
Nouver Horn Bow,79500000
Nouver Kunai,79500000
Nouver Mareca,79500000
Nouver Noble Sword,79500000
Nouver Ornamental Knot,79500000
Nouver Quoratum,79500000
Nouver Ra'ghon,79500000
Nouver Shard,79500000
Nouver Shield,79500000
Nouver Shotgun,79500000
Nouver Shuriken,79500000
Nouver Talisman,79500000
Nouver Trinket,79500000
Nouver Vambrace,79500000
Nouver Vitclari,79500000
Nutmeg,2470
Nymphamaré's Song,3730000
Obsidian Ore,39500
Ocean Haze Ring,227000000
Ocean Sapphire,1230000
Ocean Sapphire Earring,104000
Ocean Sapphire Necklace,172000
Oeki's Sah Chakram,10400000
Offin Tett's Radiant Amulet,91000000
Offin Tett's Radiant Axe,91000000
Offin Tett's Radiant Battle Axe,91000000
Offin Tett's Radiant Blade,91000000
Offin Tett's Radiant Crescent Pendulum,91000000
Offin Tett's Radiant Crossbow,91000000
Offin Tett's Radiant Florang,91000000
Offin Tett's Radiant Foxspirit Charm,91000000
Offin Tett's Radiant Gauntlet,91000000
Offin Tett's Radiant Hammers,91000000
Offin Tett's Radiant Hwando,91000000
Offin Tett's Radiant Kriegsmesser,91000000
Offin Tett's Radiant Kyve,91000000
Offin Tett's Radiant Longbow,91000000
Offin Tett's Radiant Longsword,91000000
Offin Tett's Radiant Morning Star,91000000
Offin Tett's Radiant Power Pole,91000000
Offin Tett's Radiant Revolvers,91000000
Offin Tett's Radiant Sacramentum,98000000
Offin Tett's Radiant Serenaca,91000000
Offin Tett's Radiant Shamshir,91000000
Offin Tett's Radiant Shortsword,91000000
Offin Tett's Radiant Slayer,91000000
Offin Tett's Radiant Staff,91000000
Offin Tett's Radiant Swallowtail Fan,91000000
Ogre Blood,26400
Ogre Ring,57500000
Oil of Corruption,121000
Oil of Enchantment,7900000
Oil of Fortitude,114000
Oil of Regeneration,143000
Oil of Storms,149000
Oil of Tranquility,180000
Oil of the Abyss,171000
Old Tree Bark,1940
Old Tree Branch,720
Olive,650
Olive Seed,1840
Ominous Ring,296000000
Onion,4190
Onion Seed,2770
Oquilla Dream Barding,395000000
Oquilla Dream Champron,220000000
Oquilla Dream Horse Gear Set,1020000000
Oquilla Dream Saddle,264000000
Organic Fertilizer,20000
Origin of Dark Hunger,1130000000
Orkinrad's Belt,40700000
Oros Ornamental Knot,29000
Oros Vitclari,29000
Ouk Pill of Time and Tide,18700000
Outlaw's Ring,1320000
Ox Blood,15900
Ox Hide,4600
Oyster,19600
Pahr Mareca,21400
Palm Plank,1710
Palm Plywood,13700
Palm Sap,3170
Palm Timber,2960
Paprika,660
Paprika Seed,1650
Parrying Dagger,28600
Pau Quoratum,21400
Pear,645
Penestraria,359
Penestraria Seed,18500
Pepper,2380
Pepper Seed,3560
Perilla,3730
Perilla Oil,18700
Perilla Seed,1810
Persimmon,515
Pie Mushroom,875
Pie Mushroom Hypha,26100
Piece of Purification Lancia,10400000
Pig Blood,16700
Pig Hide,1470
Pile of Sunrise Herbs,1040
Pine Coated Plywood,54000
Pine Plank,4990
Pine Plywood,36900
Pine Sap,19800
Pine Timber,1360
Pineapple,755
Pink Rosebay,362
Pink Trumpet Mushroom,459
Pistachio,389
Placid Forest Emerald Necklace,1370000
Platinum Ingot,670000
Platinum Ore,41900
Plywood Hardener,690000
Polished Coral Belt,43300
Polished Opal,38200
Polished Stone,74500
Pork,35500
Potato,925
Potato Dough,4180
Potato Flour,4190
Powder of Darkness,8650
Powder of Earth,6650
Powder of Flame,4850
Powder of Rifts,1700
Powder of Time,11300
Practice Celestial Bo Staff,71000
Prairie Green Coral,2200000
Prairie Green Coral Belt,2540000
Preonne Belt,5000000000
Preonne Earring,6000000000
Preonne Necklace,5550000000
Preonne Ring,5900000000
Pri Aad Sphera,71000
Primordial Black Stone,72000000
Primordial Crystal,24600000
Processed Coal,19300
Pumpkin,1030
Pumpkin Seed,2650
Pure Copper Crystal,760000
Pure Gold Crystal,695000
Pure Iron Crystal,795000
Pure Lead Crystal,765000
Pure Mythril Crystal,1510000
Pure Nickel Crystal,805000
Pure Noc Crystal,795000
Pure Platinum Crystal,1650000
Pure Powder Reagent,14000
Pure Silver Crystal,800000
Pure Tin Crystal,795000
Pure Titanium Crystal,885000
Pure Vanadium Crystal,885000
Pure Zinc Crystal,760000
Purified Water,5300
Purple Mushroom,1240
Purple Mushroom Hypha,30400
Purple Pink Flower,32600
Pyunback Do Stave,29000
Quartz,555
Quitar Kunai,21400
Quitar Shuriken,21400
Rabbit Meat,13000
Raccoon Blood,23300
Raccoon Hide,15100
Raccoon Meat,23000
Radish,1740
Radish Seed,2850
Rainbow Button Mushroom,93500
Rainbow Coral Ring,2600000
Rawr-Rawr's Heart,2420000000
Red Battlefield Crystal: Addis,905000000
Red Coral,570000
Red Coral Belt,102000
Red Coral Earring,3800000
Red Coral Ring,8450000
Red Crystal,29800
Red Nose's Armor,303000000
Red Pepper Powder,23300
Red Sauce,8550
Red Tree Lump,5950
Red Wood Gourd Bottle,29000
Red-spotted Amanita,3770
Red-spotted Amanita Hypha,20100
Reed,242
Refined Delotia Reagent,56000
Refined Essence of Devouring,540000000
Refined Origin of Hunger,3040000000
Reforge Stone - Air Attack Extra Damage,135000000
Reforge Stone - All AP,135000000
Reforge Stone - All Accuracy,135000000
Reforge Stone - All Damage Reduction,135000000
Reforge Stone - All Evasion,135000000
Reforge Stone - Back Attack Extra Damage,356000000
Reforge Stone - Black Spirit's Rage Recovery,185000000
Reforge Stone - Critical Hit Extra Damage,135000000
Reforge Stone - Critical Hit Rate,135000000
Reforge Stone - Down Attack Extra Damage,135000000
Reforge Stone - Max HP,135000000
Remnants of Burnt Spirits,14000000
Resplendent Diamond,57500
Resplendent Diamond Necklace,73000
Resplendent Emerald,103000
Resplendent Emerald Necklace,87000
Resplendent Essence of Devouring,405000000
Resplendent Jade,55000
Resplendent Lapis Lazuli,158000
Resplendent Obsidian,90500
Resplendent Origin of Dark Hunger,1620000000
Resplendent Ruby,46700
Resplendent Ruby Earrings,26100
Resplendent Ruby Necklace,67500
Resplendent Ruby Ring,40100
Resplendent Sapphire,88000
Resplendent Sapphire Earring,50000
Resplendent Sapphire Necklace,86500
Resplendent Topaz,64500
Resplendent Topaz Earrings,50000
Resplendent Topaz Necklace,82000
Resplendent Topaz Ring,42800
Revived Lunar Necklace,247000000
Revived River Necklace,319000000
Rhik Talisman,28600
Rhino Blood,25500
Rhino Hide,1700
Rhino Meat,28300
Rhutum Elite Belt,1370000
Rice,2120
Rice Dough,4050
Rice Flour,4190
Rice Seed,620
Ridell Earring,411000
Ring of Cadry Guardian,127000000
Ring of Crescent Guardian,19400000
Ring of Good Deeds,243000
Robeau Hunter's Clothes,8200000
Rocaba Armor,120000
Rocaba Gloves,92000
Rocaba Helmet,66000
Rocaba Shoes,68500
Rock Elephant Blood,27300
Rock Elephant Meat,39000
Roroju Cook's Clothes,7650000
Rosar Amulet,195000
Rosar Axe,195000
Rosar Battle Axe,195000
Rosar Binyeo Knife,141000
Rosar Blade,195000
Rosar Clavis,119000
Rosar Crescent Pendulum,195000
Rosar Crossbow,195000
Rosar Dagger,141000
Rosar Do Stave,141000
Rosar Florang,195000
Rosar Foxspirit Charm,195000
Rosar Gauntlet,195000
Rosar Gombangdae,141000
Rosar Gourd Bottle,141000
Rosar Gravity Cores,141000
Rosar Haladie,141000
Rosar Hammers,195000
Rosar Horn Bow,141000
Rosar Hwando,195000
Rosar Kriegsmesser,195000
Rosar Kunai,141000
Rosar Kyve,195000
Rosar Longbow,195000
Rosar Longsword,195000
Rosar Mareca,141000
Rosar Morning Star,195000
Rosar Noble Sword,141000
Rosar Ornamental Knot,141000
Rosar Power Pole,195000
Rosar Quoratum,141000
Rosar Ra'ghon,141000
Rosar Revolvers,195000
Rosar Sacramentum,154000
Rosar Serenaca,195000
Rosar Shamshir,195000
Rosar Shard,141000
Rosar Shield,141000
Rosar Shortsword,195000
Rosar Shotgun,141000
Rosar Shuriken,141000
Rosar Slayer,195000
Rosar Staff,195000
Rosar Swallowtail Fan,195000
Rosar Talisman,141000
Rosar Trinket,141000
Rosar Vambrace,141000
Rosar Vitclari,141000
Rose,9350
Rough Black Crystal,10800
Rough Blue Crystal,9850
Rough Diamond,4050
Rough Emerald,4660
Rough Green Crystal,14000
Rough Iron Buster,71000
Rough Jade,12700
Rough Lapis Lazuli,11100
Rough Mud Crystal,8800
Rough Obsidian Ore,6450
Rough Opal,11000
Rough Red Crystal,9450
Rough Ruby,4130
Rough Sapphire,4070
Rough Stone,23300
Rough Topaz,4560
Rough Translucent Crystal,9050
Rough Violet Crystal,1410
Ruby,14500
Ruby Earrings,3580
Ruby Necklace,23500
Ruby Ring,9150
Rusalka's Coral,935000
Saffron,600
Sahmarin Dual Glaives,71000
Sahmarin Foxtail Fans,71000
Saiphir Greatbow,10400000
Saiyer Ornamental Knot,21400
Saiyer Vitclari,21400
Sapphire,20000
Sapphire Earring,8650
Sapphire Earring of Storms,2380000
Sapphire Necklace,37000
Sapphire Necklace of Storms,4980000
Scale Vambrace,29000
Scarla Necklace,5150000
Scarlet Rosebay,400
Schzeriel Lancia,71000
Scorched Fragment,270000
Scorpion Blood,23800
Scorpion Meat,37300
Scythe of Seduction,71000
Sea Lion Meat,16100
Seed Potato,520
Seed Sweet Potato,525
Seleth Amulet,76500
Seleth Axe,76500
Seleth Battle Axe,76500
Seleth Blade,76500
Seleth Crescent Pendulum,76500
Seleth Crossbow,76500
Seleth Florang,76500
Seleth Foxspirit Charm,76500
Seleth Gauntlet,76500
Seleth Hammers,76500
Seleth Hwando,76500
Seleth Kriegsmesser,76500
Seleth Kyve,76500
Seleth Longbow,76500
Seleth Longsword,76500
Seleth Morning Star,76500
Seleth Power Pole,76500
Seleth Revolvers,76500
Seleth Sacramentum,68500
Seleth Serenaca,76500
Seleth Shamshir,76500
Seleth Shortsword,76500
Seleth Slayer,76500
Seleth Staff,76500
Seleth Swallowtail Fan,76500
Serap's Necklace,26500000
Serendia Traditional Cooking Utensil,1190000
Serpi Shotgun,28600
Shabby Hide Stirrups,10100000
Shabby Wagon Badge,22200000
Shabby Wagon Cover,22200000
Shabby Wagon Flag,22000000
Shard of the Drained Night,23300000
Shard of the Furious Night,22200000
Shard of the Tearful Night,23300000
Sharos Ra'ghon,28600
Sharp Black Crystal Shard,4960000
Sheep Blood,13800
Sheep Hide,870
Shelled Seed,61000
Shining Alchemy Stone of Protection,3160000000000
Shining Gold Topaz Earrings,298000
Shining Gold Topaz Necklace,1370000
Shining Gold Topaz Ring,284000
Shining Powder,112000
Shiny Seed,66500
Ship Repair Kit,373000
Ship Repair Material,8100
Shrimp,18700
Shrine Guardian Token,185000
Sicil's Necklace,15600000
Silent Crystal of Origin,7000000000
Silent Fragment of Origin,140000000
Silk,45800
Silk Honey Grass,204
Silk Honey Grass Seed,12900
Silk Thread,14200
Silkworm Cocoon,1580
Silver Azalea,292
Silver Azalea Seed,2230
Silver Embroidered Farmer's Clothes,1360000
Silver Embroidered Trader's Clothes,1300000
Silver Ingot,236000
Silver Ore,15900
Single-brewed Mesima Tea,2890
Sinner's Blood,23800
Sky Blue Flower,32600
Sky Mushroom,735
Sky Mushroom Hypha,4480
Sledgehammer of Fission,71000
Sledgehammer of Fusion,10400000
Small Tree Spirit's Kamasylven Sword,71000
Small White Seed,32400
Snake Meat,37300
Snake Skin,1220
Snow Leopard Hide,2160
Snowfield Cedar Plank,23300
Snowfield Cedar Plywood,94000
Snowfield Cedar Sap,46600
Snowfield Cedar Timber,5600
Soft Ferri Feather,915
Soft Hide,14200
Soft Kuku Bird Plume,4200
Soft Whale Meat,40400
Solaris Patraca,71000
Sonan Sah Chakram,71000
Soy Sauce,23300
Soybean Paste,4950
Special Acacia Seed,325000
Special Amanita Mushroom,55000
Special Amanita Mushroom Hypha,361000
Special Ancient Mushroom,53500
Special Ancient Mushroom Hypha,380000
Special Arrow Mushroom,34600
Special Arrow Mushroom Hypha,380000
Special Barley,35300
Special Barley Seed,187000
Special Bluffer Mushroom,47200
Special Bluffer Mushroom Hypha,352000
Special Bouquet Mushroom,31900
Special Bouquet Mushroom Hypha,389000
Special Carrot Seed,93500
Special Chanterelle,56500
Special Chanterelle Hypha,276000
Special Chicken Feed,1040000
Special Citron,35800
Special Citron Seed,271000
Special Cloud Mushroom,37300
Special Cloud Mushroom Hypha,380000
Special Corn,37300
Special Corn Seed,220000
Special Dalvenia Alrea,32600
Special Dalvenia Alrea Seed,69500
Special Delotia,42800
Special Delotia Seed,51500
Special Dictyophora,64500
Special Dictyophora Hypha,343000
Special Dry Mane Grass,32000
Special Dry Mane Grass Seed,34500
Special Dwarf Mushroom,37300
Special Dwarf Mushroom Hypha,361000
Special Emperor Mushroom,37300
Special Emperor Mushroom Hypha,343000
Special Fire Flake Flower,32200
Special Fire Flake Flower Seed,45900
Special Fog Mushroom,38800
Special Fog Mushroom Hypha,361000
Special Fortune Teller Mushroom,37300
Special Fortune Teller Mushroom Hypha,339000
Special Garlic,28600
Special Garlic Seed,44500
Special Ghost Mushroom,34700
Special Ghost Mushroom Hypha,375000
Special Grape,40900
Special Grape Seed,295000
Special Haystack,227000
Special Hot Pepper,30900
Special Hot Pepper Seed,280000
Special Hump Mushroom,38800
Special Hump Mushroom Hypha,176000
Special Leccinum,39000
Special Leccinum Hypha,288000
Special Mesima,62500
Special Mesima Hypha,304000
Special Napa Cabbage,45400
Special Napa Cabbage Seed,298000
Special Nolina,32700
Special Nolina Seed,258000
Special Olive,48400
Special Olive Seed,184000
Special Onion,32900
Special Onion Seed,202000
Special Paprika,32300
Special Paprika Seed,307000
Special Penestraria,33100
Special Penestraria Seed,305000
Special Pepper,30600
Special Pepper Seed,50500
Special Perilla,38900
Special Perilla Seed,259000
Special Pie Mushroom,44200
Special Pie Mushroom Hypha,312000
Special Potato,24800
Special Pumpkin,38200
Special Pumpkin Seed,156000
Special Purple Mushroom,43700
Special Purple Mushroom Hypha,79000
Special Radish,41900
Special Radish Seed,294000
Special Red-spotted Amanita,39900
Special Red-spotted Amanita Hypha,343000
Special Rice,30300
Special Rice Seed,48000
Special Seed Potato,41100
Special Seed Sweet Potato,82500
Special Silk Honey Grass,37300
Special Silk Honey Grass Seed,56000
Special Silver Azalea,34600
Special Silver Azalea Seed,40800
Special Sky Mushroom,38800
Special Sky Mushroom Hypha,361000
Special Strawberry,39800
Special Strawberry Seed,256000
Special Sunflower,48400
Special Sunflower Seed,125000
Special Sunrise Herb,35600
Special Sunrise Herb Seed,35200
Special Sweet Potato,28600
Special Tiger Mushroom,37300
Special Tiger Mushroom Hypha,361000
Special Tomato,34300
Special Tomato Seed,253000
Special Wheat,36800
Special Wheat Seed,164000
Spell of Seduction Scythe,10400000
Spirit's Leaf,6650
Srulk Sailor's Clothes,8200000
Standardized Timber Square,149000
Star Anise,1240
Star Anise Mushroom,1010
Star Diamond,1780000
Star Diamond Necklace,159000
Starlit Jade's Breath,2380000
Starlit Soul Tome,71000
Starry Night Diamond Necklace,1370000
Steel,33700
Steel Dagger,29000
Steel Taritas Armor,254000
Steel Taritas Gloves,175000
Steel Taritas Helmet,229000
Steel Taritas Shoes,194000
Sticky Liquid,8400
Strawberry,545
Strawberry Seed,1360
Strong Wagon Wheel,10100000
Stuffed Cliffside Mountain Sheep Head,139000000
Stuffed Rock Elephant Head,75500000
Stura Kibelius,10400000
Sturdy Acacia Plywood,620000
Sturdy Ash Plywood,167000
Sturdy Birch Plywood,605000
Sturdy Caphras Tree Plywood,890000
Sturdy Cedar Plywood,456000
Sturdy Elder Tree Plywood,1120000
Sturdy Fir Plywood,483000
Sturdy Forest Tread,28000000
Sturdy Loopy Tree Plywood,1070000
Sturdy Maple Plywood,580000
Sturdy Moss Tree Plywood,1210000
Sturdy Palm Plywood,530000
Sturdy Pine Plywood,915000
Sturdy Snowfield Cedar Plywood,630000
Sturdy Thornwood Plywood,1030000
Sturdy Thuja Plywood,1240000
Sturdy Timber Square,1070000
Sturdy White Cedar Plywood,1030000
Styd Amulet,19700
Styd Axe,19700
Styd Battle Axe,19700
Styd Blade,19700
Styd Crescent Pendulum,19700
Styd Crossbow,19700
Styd Florang,19700
Styd Foxspirit Charm,19700
Styd Gauntlet,19700
Styd Hammers,19700
Styd Hwando,19700
Styd Kriegsmesser,19700
Styd Kyve,19700
Styd Longbow,19700
Styd Longsword,19700
Styd Morning Star,19700
Styd Power Pole,19700
Styd Revolvers,19700
Styd Sacramentum,19500
Styd Serenaca,19700
Styd Shamshir,19700
Styd Shortsword,19700
Styd Slayer,19700
Styd Staff,19700
Styd Swallowtail Fan,19700
Sulfur,5900
Sundo Kerispear,71000
Sunflower,3350
Sunflower Seed,1840
Sunrise Herb,204
Sunrise Herb Seed,1940
Sunset Dyed Wool,233000
Supreme Bear Hide,466000
Supreme Boar Hide,135000
Supreme Fancy Feather,1400000
Supreme Fancy Reptile Skin,60500
Supreme Hard Hide,1400000
Supreme Hawk Hide,343000
Supreme Lightweight Plume,336000
Supreme Soft Hide,1400000
Supreme Thick Fur,65500
Supreme Thin Hide,940000
Supreme Tiger Hide,466000
Supreme Tough Hide,755000
Sweet Potato,2660
Sweet Potato Dough,4190
Sweet Potato Flour,4190
Sycraia Shard,46600000
Tadd Kunai,28600
Tadd Shuriken,28600
Taebaek's Belt,317000000
Talis Armor,51500
Talis Belt,107000
Talis Earring,89000
Talis Gloves,28400
Talis Helmet,50000
Talis Necklace,147000
Talis Ring,45100
Talis Shoes,36900
Taritas Armor,47800
Taritas Gloves,30000
Taritas Helmet,47300
Taritas Shoes,27000
Tati Godr Sphera,71000
Tear of the Great Ocean,101000
Teff,288
Teff Flour,2660
Teff Flour Dough,4190
Tempest Sura Katana,71000
Terrminé Champron,220000000
Terrminé Horse Gear Set,1020000000
Terrminé Saddle,264000000
Theos Ornamental Knot,28600
Theos Vitclari,28600
Thick Fur,11300
Thick Turo Blood,4680000
Thin Essence of Life,2800000
Thin Hide,27200
Thorn Tree Vediant,71000
Thornwood Plank,14000
Thornwood Plywood,67500
Thornwood Sap,46600
Thornwood Timber,1470
Thuja Plank,4830
Thuja Plywood,32300
Thuja Sap,46600
Thuja Timber,1560
Tiger Blood,20200
Tiger Hide,965
Tiger Meat,18500
Tiger Mushroom,695
Tiger Mushroom Hypha,21300
Tigerflower,1050
Tin Ingot,67500
Tin Ore,3250
Titanium Ingot,123000
Titanium Ore,9350
Token of Friendship,12700000
Tomato,2430
Tomato Seed,1550
Top-quality Cooking Honey,373000
Topaz,14400
Topaz Earrings,7850
Topaz Earrings of Regeneration,2520000
Topaz Necklace,35900
Topaz Necklace of Regeneration,2740000
Topaz Ring,5550
Topaz Ring of Regeneration,970000
Tormente Lil' Devil,10400000
Tough Flax Fabric,326000
Tough Hide,31700
Toxic Watermelon,6650
Trace of Nature,280000
Translucent Crystal,25700
Translucent Ice,86500
Translucent Ocean Sapphire Earring,341000
Translucent Ocean Sapphire Necklace,885000
Tree Spirit Belt,3680000
Tridana Giant Clam Shellfish,177000
Trina Knight Barding,395000000
Trina Knight Champron,220000000
Trina Knight Horse Gear Set,1020000000
Trina Knight Saddle,264000000
Triple-Float Fishing Rod,16200000
Troll Blood,24700
Truffle Mushroom,187000
Truffle Mushroom Hypha,18700000
Tulip,9350
Tungrad Belt,94000000
Tungrad Earring,77000000
Tungrad Necklace,82500000
Tungrad Ring,105000000
Turo Heart,14000000
Turo's Belt,195000000
Twice-brewed Mesima Tea,2970
Twilight Red Coral,1780000
Twilight Red Coral Belt,2310000
Tyrant's Blood,149000
Ultimate Armor Reform Stone,13500000
Ultimate Styd Amulet,79500
Ultimate Styd Axe,79500
Ultimate Styd Battle Axe,79500
Ultimate Styd Blade,79500
Ultimate Styd Crescent Pendulum,79500
Ultimate Styd Crossbow,79500
Ultimate Styd Florang,79500
Ultimate Styd Foxspirit Charm,79500
Ultimate Styd Gauntlet,79500
Ultimate Styd Hammers,79500
Ultimate Styd Hwando,79500
Ultimate Styd Kriegsmesser,79500
Ultimate Styd Kyve,79500
Ultimate Styd Longbow,79500
Ultimate Styd Longsword,79500
Ultimate Styd Morning Star,79500
Ultimate Styd Power Pole,79500
Ultimate Styd Sacramentum,79000
Ultimate Styd Serenaca,79500
Ultimate Styd Shamshir,79500
Ultimate Styd Shortsword,79500
Ultimate Styd Slayer,79500
Ultimate Styd Staff,79500
Ultimate Styd Swallowtail Fan,79500
Ultimate Weapon Reform Stone,14400000
Unknown Seed,18700000
Upgraded Iron Buster,10400000
Urugon's Shoes,289000000
Usable Scantling,46600
Vaha's Dawn,64000000
Valencia Rowboat Cargo Container,22200000
Valtarra Eclipsed Belt,28000000
Vanadium Ingot,140000
Vanadium Ore,9350
Vangertz Shield,21400
Vedelona,5850
Vell's Concentrated Magic,14900000000
Vell's Fine Powder,2100000
Vient Shotgun,29000
Vigiliae Clavis,21100
Vinegar,1200
Viola,955
Violet Crystal,5500
Violet Flower,32600
Violet Primordial Luster - Edana,108000000
Violet Primordial Luster - Sovereign,293000000
Vishur Quoratum,28600
Volcanic Umbrella Mushroom,28000
Vourethan Shard,29000
Waragon Blood,24700
Waragon Hide,1220
Waragon Meat,21200
Warm Seed,650000
Weasel Blood,23300
Weasel Hide,3520
Weasel Meat,30300
Weeds,9350
Wheat,1480
Wheat Dough,4190
Wheat Flour,4190
Wheat Seed,3070
White Cedar Plank,14200
White Cedar Plywood,54000
White Cedar Sap,28300
White Cedar Timber,2800
White Coral,610000
White Coral Belt,107000
White Flower Mushroom,535
White Horn Bow,29000
White Sauce,4160
White Truffle Mushroom,14000000
White Umbrella Mushroom,499
White Warrior Horn Bow,28600
Wild Beehive,93500
Wild Berry,367
Wild Grass,9700
Wise Man's Blood,135000
Witch's Earring,3850000
Withered Acacia Seed,450
Withered Grape Seed,400
Withered Sunrise Herb Seed,441
Withered Wheat Seed,136
Withered Wood Chip,2800000
Wolf Blood,15900
Wolf Hide,710
Wolf Meat,29000
Wooden Gourd Bottle,28600
Wool,81500
Worm Blood,19400
Worm Hide,28000
Worm Meat,17600
Yagakmu Sura Katana,10400000
Yak Blood,22000
Yak Hide,16800
Yak Meat,17700
Yellow Flower,32600
Youngji Mushroom,28000
Yuria Amulet,288000
Yuria Axe,288000
Yuria Battle Axe,288000
Yuria Belt,111000
Yuria Blade,288000
Yuria Crescent Pendulum,288000
Yuria Crossbow,288000
Yuria Earring,79000
Yuria Florang,288000
Yuria Foxspirit Charm,288000
Yuria Gauntlet,288000
Yuria Hammers,288000
Yuria Hwando,288000
Yuria Kriegsmesser,288000
Yuria Kyve,288000
Yuria Longbow,288000
Yuria Longsword,288000
Yuria Morning Star,288000
Yuria Necklace,120000
Yuria Power Pole,288000
Yuria Revolvers,288000
Yuria Ring,63000
Yuria Sacramentum,236000
Yuria Serenaca,288000
Yuria Shamshir,288000
Yuria Shortsword,288000
Yuria Slayer,288000
Yuria Staff,288000
Yuria Swallowtail Fan,288000
Zereth Armor,67000
Zereth Gloves,44400
Zereth Helmet,85000
Zereth Shoes,49800
Zinc Ingot,134000
Zinc Ore,7450
